network,geoname_id,registered_country_geoname_id,represented_country_geoname_id,is_anonymous_proxy,is_satellite_provider,postal_code,latitude,longitude,accuracy_radius
600:8801:9400:5a1:948b:ab15:dde3:61a3/128,5363990,,,0,0,91941,32.7596,-116.9940,100
2001:5::/32,6255148,,,0,0,,47.0000,8.0000,100
2001:200::/40,1861060,1861060,,0,0,,36.0000,138.0000,100
2001:200:100::/42,1861060,1861060,,0,0,,36.0000,138.0000,100
2001:200:140::/43,1861060,1861060,,0,0,,36.0000,138.0000,100
2001:200:160::/46,1861060,1861060,,0,0,,36.0000,138.0000,100
2001:200:164::/47,1861060,1861060,,0,0,,36.0000,138.0000,100
2001:200:166::/48,1861060,1861060,,0,0,,36.0000,138.0000,100
2001:200:167::/49,1848354,1861060,,0,0,231-0021,35.4478,139.6425,100
2001:200:167:8000::/49,1861060,1861060,,0,0,,36.0000,138.0000,100
2001:200:168::/45,1861060,1861060,,0,0,,36.0000,138.0000,100
2001:200:170::/44,1861060,1861060,,0,0,,36.0000,138.0000,100
2001:200:180::/49,1861060,1861060,,0,0,,36.0000,138.0000,100
2001:200:180:8000::/49,1850147,1861060,,0,0,100-0001,35.6427,139.7677,100
2001:200:181::/48,1861060,1861060,,0,0,,36.0000,138.0000,100
2001:200:182::/47,1861060,1861060,,0,0,,36.0000,138.0000,100
2001:200:184::/46,1861060,1861060,,0,0,,36.0000,138.0000,100
2001:200:188::/45,1861060,1861060,,0,0,,36.0000,138.0000,100
2001:200:190::/44,1861060,1861060,,0,0,,36.0000,138.0000,100
2001:200:1a0::/43,1861060,1861060,,0,0,,36.0000,138.0000,100
2001:200:1c0::/49,1850147,1861060,,0,0,100-0001,35.6427,139.7677,100
2001:200:1c0:8000::/49,1861060,1861060,,0,0,,36.0000,138.0000,100
2001:200:1c1::/48,1861060,1861060,,0,0,,36.0000,138.0000,100
2001:200:1c2::/47,1861060,1861060,,0,0,,36.0000,138.0000,100
2001:200:1c4::/46,1861060,1861060,,0,0,,36.0000,138.0000,100
2001:200:1c8::/45,1861060,1861060,,0,0,,36.0000,138.0000,100
2001:200:1d0::/44,1861060,1861060,,0,0,,36.0000,138.0000,100
2001:200:1e0::/43,1861060,1861060,,0,0,,36.0000,138.0000,100
2001:200:200::/39,1861060,1861060,,0,0,,36.0000,138.0000,100
2001:200:400::/39,1861060,1861060,,0,0,,36.0000,138.0000,100
2001:200:600::/48,1861060,1861060,,0,0,,36.0000,138.0000,100
2001:200:601::/49,6822159,1861060,,0,0,350-0023,35.9020,139.5249,100
2001:200:601:8000::/49,1861060,1861060,,0,0,,36.0000,138.0000,100
2001:200:602::/47,1861060,1861060,,0,0,,36.0000,138.0000,100
2001:200:604::/46,1861060,1861060,,0,0,,36.0000,138.0000,100
2001:200:608::/45,1861060,1861060,,0,0,,36.0000,138.0000,100
2001:200:610::/44,1861060,1861060,,0,0,,36.0000,138.0000,100
2001:200:620::/43,1861060,1861060,,0,0,,36.0000,138.0000,100
2001:200:640::/42,1861060,1861060,,0,0,,36.0000,138.0000,100
2001:200:680::/41,1861060,1861060,,0,0,,36.0000,138.0000,100
2001:200:700::/40,1861060,1861060,,0,0,,36.0000,138.0000,100
2001:200:800::/37,1861060,1861060,,0,0,,36.0000,138.0000,100
2001:200:1000::/36,1861060,1861060,,0,0,,36.0000,138.0000,100
2001:200:2000::/35,1861060,1861060,,0,0,,36.0000,138.0000,100
2001:200:4000::/34,1861060,1861060,,0,0,,36.0000,138.0000,100
2001:200:8000::/33,1861060,1861060,,0,0,,36.0000,138.0000,100
2001:208::/46,1880251,1880251,,0,0,,1.3667,103.8000,100
2001:208:4::/48,1880251,1880251,,0,0,,1.3667,103.8000,100
2001:208:5::/49,1880252,1880251,,0,0,,1.2855,103.8565,100
2001:208:5:8000::/49,1880251,1880251,,0,0,,1.3667,103.8000,100
2001:208:6::/47,1880251,1880251,,0,0,,1.3667,103.8000,100
2001:208:8::/45,1880251,1880251,,0,0,,1.3667,103.8000,100
2001:208:10::/44,1880251,1880251,,0,0,,1.3667,103.8000,100
2001:208:20::/43,1880251,1880251,,0,0,,1.3667,103.8000,100
2001:208:40::/42,1880251,1880251,,0,0,,1.3667,103.8000,100
2001:208:80::/41,1880251,1880251,,0,0,,1.3667,103.8000,100
2001:208:100::/40,1880251,1880251,,0,0,,1.3667,103.8000,100
2001:208:200::/39,1880251,1880251,,0,0,,1.3667,103.8000,100
2001:208:400::/38,1880251,1880251,,0,0,,1.3667,103.8000,100
2001:208:800::/37,1880251,1880251,,0,0,,1.3667,103.8000,100
2001:208:1000::/36,1880251,1880251,,0,0,,1.3667,103.8000,100
2001:208:2000::/35,1880251,1880251,,0,0,,1.3667,103.8000,100
2001:208:4000::/34,1880251,1880251,,0,0,,1.3667,103.8000,100
2001:208:8000::/33,1880251,1880251,,0,0,,1.3667,103.8000,100
2001:218::/32,1861060,1861060,,0,0,,36.0000,138.0000,100
2001:220::/36,1835841,1835841,,0,0,,37.0000,127.5000,100
2001:220:1000::/38,1835841,1835841,,0,0,,37.0000,127.5000,100
2001:220:1400::/46,1835841,1835841,,0,0,,37.0000,127.5000,100
2001:220:1404::/49,1835848,1835841,,0,0,,37.5111,126.9743,100
2001:220:1404:8000::/49,1835841,1835841,,0,0,,37.0000,127.5000,100
2001:220:1405::/48,1835841,1835841,,0,0,,37.0000,127.5000,100
2001:220:1406::/47,1835841,1835841,,0,0,,37.0000,127.5000,100
2001:220:1408::/45,1835841,1835841,,0,0,,37.0000,127.5000,100
2001:220:1410::/44,1835841,1835841,,0,0,,37.0000,127.5000,100
2001:220:1420::/43,1835841,1835841,,0,0,,37.0000,127.5000,100
2001:220:1440::/42,1835841,1835841,,0,0,,37.0000,127.5000,100
2001:220:1480::/41,1835841,1835841,,0,0,,37.0000,127.5000,100
2001:220:1500::/40,1835841,1835841,,0,0,,37.0000,127.5000,100
2001:220:1600::/39,1835841,1835841,,0,0,,37.0000,127.5000,100
2001:220:1800::/37,1835841,1835841,,0,0,,37.0000,127.5000,100
2001:220:2000::/35,1835841,1835841,,0,0,,37.0000,127.5000,100
2001:220:4000::/34,1835841,1835841,,0,0,,37.0000,127.5000,100
2001:220:8000::/33,1835841,1835841,,0,0,,37.0000,127.5000,100
2001:230::/32,1835841,1835841,,0,0,,37.0000,127.5000,100
2001:238::/32,1668284,1668284,,0,0,,23.5000,121.0000,100
2001:240::/40,1861060,1861060,,0,0,,36.0000,138.0000,100
2001:240:100::/43,1861060,1861060,,0,0,,36.0000,138.0000,100
2001:240:120::/44,1861060,1861060,,0,0,,36.0000,138.0000,100
2001:240:130::/45,1861060,1861060,,0,0,,36.0000,138.0000,100
2001:240:138::/48,1861060,1861060,,0,0,,36.0000,138.0000,100
2001:240:139::/49,1848373,1861060,,0,0,510-0074,34.9667,136.6167,100
2001:240:139:8000::/49,1861060,1861060,,0,0,,36.0000,138.0000,100
2001:240:13a::/47,1861060,1861060,,0,0,,36.0000,138.0000,100
2001:240:13c::/46,1861060,1861060,,0,0,,36.0000,138.0000,100
2001:240:140::/43,1861060,1861060,,0,0,,36.0000,138.0000,100
2001:240:160::/45,1861060,1861060,,0,0,,36.0000,138.0000,100
2001:240:168::/49,1850147,1861060,,0,0,100-0001,35.6427,139.7677,100
2001:240:168:8000::/49,1861060,1861060,,0,0,,36.0000,138.0000,100
2001:240:169::/48,1861060,1861060,,0,0,,36.0000,138.0000,100
2001:240:16a::/47,1861060,1861060,,0,0,,36.0000,138.0000,100
2001:240:16c::/46,1861060,1861060,,0,0,,36.0000,138.0000,100
2001:240:170::/44,1861060,1861060,,0,0,,36.0000,138.0000,100
2001:240:180::/41,1861060,1861060,,0,0,,36.0000,138.0000,100
2001:240:200::/39,1861060,1861060,,0,0,,36.0000,138.0000,100
2001:240:400::/38,1861060,1861060,,0,0,,36.0000,138.0000,100
2001:240:800::/37,1861060,1861060,,0,0,,36.0000,138.0000,100
2001:240:1000::/38,1861060,1861060,,0,0,,36.0000,138.0000,100
2001:240:1400::/45,1861060,1861060,,0,0,,36.0000,138.0000,100
2001:240:1408::/49,1861060,1861060,,0,0,,36.0000,138.0000,100
2001:240:1408:8000::/49,1848354,1861060,,0,0,231-0021,35.4478,139.6425,100
2001:240:1409::/48,1861060,1861060,,0,0,,36.0000,138.0000,100
2001:240:140a::/47,1861060,1861060,,0,0,,36.0000,138.0000,100
2001:240:140c::/46,1861060,1861060,,0,0,,36.0000,138.0000,100
2001:240:1410::/44,1861060,1861060,,0,0,,36.0000,138.0000,100
2001:240:1420::/43,1861060,1861060,,0,0,,36.0000,138.0000,100
2001:240:1440::/42,1861060,1861060,,0,0,,36.0000,138.0000,100
2001:240:1480::/41,1861060,1861060,,0,0,,36.0000,138.0000,100
2001:240:1500::/40,1861060,1861060,,0,0,,36.0000,138.0000,100
2001:240:1600::/39,1861060,1861060,,0,0,,36.0000,138.0000,100
2001:240:1800::/37,1861060,1861060,,0,0,,36.0000,138.0000,100
2001:240:2000::/45,1861060,1861060,,0,0,,36.0000,138.0000,100
2001:240:2008::/48,1861060,1861060,,0,0,,36.0000,138.0000,100
2001:240:2009::/49,1861060,1861060,,0,0,,36.0000,138.0000,100
2001:240:2009:8000::/49,2128295,1861060,,0,0,,43.0642,141.3469,100
2001:240:200a::/47,1861060,1861060,,0,0,,36.0000,138.0000,100
2001:240:200c::/46,1861060,1861060,,0,0,,36.0000,138.0000,100
2001:240:2010::/44,1861060,1861060,,0,0,,36.0000,138.0000,100
2001:240:2020::/43,1861060,1861060,,0,0,,36.0000,138.0000,100
2001:240:2040::/42,1861060,1861060,,0,0,,36.0000,138.0000,100
2001:240:2080::/41,1861060,1861060,,0,0,,36.0000,138.0000,100
2001:240:2100::/41,1861060,1861060,,0,0,,36.0000,138.0000,100
2001:240:2180::/45,1861060,1861060,,0,0,,36.0000,138.0000,100
2001:240:2188::/46,1861060,1861060,,0,0,,36.0000,138.0000,100
2001:240:218c::/48,1861060,1861060,,0,0,,36.0000,138.0000,100
2001:240:218d::/49,1861060,1861060,,0,0,,36.0000,138.0000,100
2001:240:218d:8000::/49,1859642,1861060,,0,0,210-0835,35.5206,139.7172,100
2001:240:218e::/47,1861060,1861060,,0,0,,36.0000,138.0000,100
2001:240:2190::/46,1861060,1861060,,0,0,,36.0000,138.0000,100
2001:240:2194::/49,1850147,1861060,,0,0,100-0001,35.6427,139.7677,100
2001:240:2194:8000::/49,1861060,1861060,,0,0,,36.0000,138.0000,100
2001:240:2195::/49,1850147,1861060,,0,0,100-0001,35.6427,139.7677,100
2001:240:2195:8000::/49,1861060,1861060,,0,0,,36.0000,138.0000,100
2001:240:2196::/47,1861060,1861060,,0,0,,36.0000,138.0000,100
2001:240:2198::/48,1861060,1861060,,0,0,,36.0000,138.0000,100
2001:240:2199::/49,1850147,1861060,,0,0,100-0001,35.6427,139.7677,100
2001:240:2199:8000::/49,1861060,1861060,,0,0,,36.0000,138.0000,100
2001:240:219a::/47,1861060,1861060,,0,0,,36.0000,138.0000,100
2001:240:219c::/48,1861060,1861060,,0,0,,36.0000,138.0000,100
2001:240:219d::/49,1861060,1861060,,0,0,,36.0000,138.0000,100
2001:240:219d:8000::/49,1850147,1861060,,0,0,100-0001,35.6427,139.7677,100
2001:240:219e::/47,1861060,1861060,,0,0,,36.0000,138.0000,100
2001:240:21a0::/44,1861060,1861060,,0,0,,36.0000,138.0000,100
2001:240:21b0::/45,1861060,1861060,,0,0,,36.0000,138.0000,100
2001:240:21b8::/49,1848354,1861060,,0,0,231-0021,35.4478,139.6425,100
2001:240:21b8:8000::/49,1850147,1861060,,0,0,100-0001,35.6427,139.7677,100
2001:240:21b9::/48,1861060,1861060,,0,0,,36.0000,138.0000,100
2001:240:21ba::/47,1861060,1861060,,0,0,,36.0000,138.0000,100
2001:240:21bc::/46,1861060,1861060,,0,0,,36.0000,138.0000,100
2001:240:21c0::/45,1861060,1861060,,0,0,,36.0000,138.0000,100
2001:240:21c8::/49,6822209,1861060,,0,0,464-0036,35.1658,136.9640,100
2001:240:21c8:8000::/49,1861060,1861060,,0,0,,36.0000,138.0000,100
2001:240:21c9::/48,1861060,1861060,,0,0,,36.0000,138.0000,100
2001:240:21ca::/47,1861060,1861060,,0,0,,36.0000,138.0000,100
2001:240:21cc::/46,1861060,1861060,,0,0,,36.0000,138.0000,100
2001:240:21d0::/44,1861060,1861060,,0,0,,36.0000,138.0000,100
2001:240:21e0::/43,1861060,1861060,,0,0,,36.0000,138.0000,100
2001:240:2200::/39,1861060,1861060,,0,0,,36.0000,138.0000,100
2001:240:2400::/48,1861060,1861060,,0,0,,36.0000,138.0000,100
2001:240:2401::/48,1850147,1861060,,0,0,100-0001,35.6427,139.7677,100
2001:240:2402::/48,1861060,1861060,,0,0,,36.0000,138.0000,100
2001:240:2403::/49,1850147,1861060,,0,0,100-0001,35.6427,139.7677,100
2001:240:2403:8000::/49,1861060,1861060,,0,0,,36.0000,138.0000,100
2001:240:2404::/46,1861060,1861060,,0,0,,36.0000,138.0000,100
2001:240:2408::/45,1861060,1861060,,0,0,,36.0000,138.0000,100
2001:240:2410::/44,1861060,1861060,,0,0,,36.0000,138.0000,100
2001:240:2420::/43,1861060,1861060,,0,0,,36.0000,138.0000,100
2001:240:2440::/42,1861060,1861060,,0,0,,36.0000,138.0000,100
2001:240:2480::/41,1861060,1861060,,0,0,,36.0000,138.0000,100
2001:240:2500::/40,1861060,1861060,,0,0,,36.0000,138.0000,100
2001:240:2600::/39,1861060,1861060,,0,0,,36.0000,138.0000,100
2001:240:2800::/43,1861060,1861060,,0,0,,36.0000,138.0000,100
2001:240:2820::/49,1849053,1861060,,0,0,320-0027,36.5658,139.8836,100
2001:240:2820:8000::/49,1861060,1861060,,0,0,,36.0000,138.0000,100
2001:240:2821::/48,1861060,1861060,,0,0,,36.0000,138.0000,100
2001:240:2822::/47,1861060,1861060,,0,0,,36.0000,138.0000,100
2001:240:2824::/47,1861060,1861060,,0,0,,36.0000,138.0000,100
2001:240:2826::/49,1861060,1861060,,0,0,,36.0000,138.0000,100
2001:240:2826:8000::/49,1850147,1861060,,0,0,100-0001,35.6427,139.7677,100
2001:240:2827::/49,6940394,1861060,,0,0,330-0063,35.8569,139.6489,100
2001:240:2827:8000::/49,1861060,1861060,,0,0,,36.0000,138.0000,100
2001:240:2828::/45,1861060,1861060,,0,0,,36.0000,138.0000,100
2001:240:2830::/44,1861060,1861060,,0,0,,36.0000,138.0000,100
2001:240:2840::/45,1861060,1861060,,0,0,,36.0000,138.0000,100
2001:240:2848::/46,1861060,1861060,,0,0,,36.0000,138.0000,100
2001:240:284c::/47,1861060,1861060,,0,0,,36.0000,138.0000,100
2001:240:284e::/48,1861060,1861060,,0,0,,36.0000,138.0000,100
2001:240:284f::/49,1861060,1861060,,0,0,,36.0000,138.0000,100
2001:240:284f:8000::/49,1848354,1861060,,0,0,231-0021,35.4478,139.6425,100
2001:240:2850::/44,1861060,1861060,,0,0,,36.0000,138.0000,100
2001:240:2860::/45,1861060,1861060,,0,0,,36.0000,138.0000,100
2001:240:2868::/46,1861060,1861060,,0,0,,36.0000,138.0000,100
2001:240:286c::/48,1861060,1861060,,0,0,,36.0000,138.0000,100
2001:240:286d::/49,1849814,1861060,,0,0,471-0034,35.0833,137.1500,100
2001:240:286d:8000::/49,1861060,1861060,,0,0,,36.0000,138.0000,100
2001:240:286e::/47,1861060,1861060,,0,0,,36.0000,138.0000,100
2001:240:2870::/44,1861060,1861060,,0,0,,36.0000,138.0000,100
2001:240:2880::/48,1861060,1861060,,0,0,,36.0000,138.0000,100
2001:240:2881::/49,1861060,1861060,,0,0,,36.0000,138.0000,100
2001:240:2881:8000::/49,1857910,1861060,,0,0,602-8016,35.0214,135.7556,100
2001:240:2882::/47,1861060,1861060,,0,0,,36.0000,138.0000,100
2001:240:2884::/46,1861060,1861060,,0,0,,36.0000,138.0000,100
2001:240:2888::/49,1861060,1861060,,0,0,,36.0000,138.0000,100
2001:240:2888:8000::/49,6697563,1861060,,0,0,575-0001,34.7500,135.6333,100
2001:240:2889::/48,1861060,1861060,,0,0,,36.0000,138.0000,100
2001:240:288a::/47,1861060,1861060,,0,0,,36.0000,138.0000,100
2001:240:288c::/46,1861060,1861060,,0,0,,36.0000,138.0000,100
2001:240:2890::/45,1861060,1861060,,0,0,,36.0000,138.0000,100
2001:240:2898::/48,1861060,1861060,,0,0,,36.0000,138.0000,100
2001:240:2899::/49,1861060,1861060,,0,0,,36.0000,138.0000,100
2001:240:2899:8000::/49,1859170,1861060,,0,0,629-2502,35.6000,135.1000,100
2001:240:289a::/47,1861060,1861060,,0,0,,36.0000,138.0000,100
2001:240:289c::/46,1861060,1861060,,0,0,,36.0000,138.0000,100
2001:240:28a0::/45,1861060,1861060,,0,0,,36.0000,138.0000,100
2001:240:28a8::/46,1861060,1861060,,0,0,,36.0000,138.0000,100
2001:240:28ac::/49,1861060,1861060,,0,0,,36.0000,138.0000,100
2001:240:28ac:8000::/49,1848354,1861060,,0,0,231-0021,35.4478,139.6425,100
2001:240:28ad::/48,1861060,1861060,,0,0,,36.0000,138.0000,100
2001:240:28ae::/47,1861060,1861060,,0,0,,36.0000,138.0000,100
2001:240:28b0::/44,1861060,1861060,,0,0,,36.0000,138.0000,100
2001:240:28c0::/42,1861060,1861060,,0,0,,36.0000,138.0000,100
2001:240:2900::/48,1861060,1861060,,0,0,,36.0000,138.0000,100
2001:240:2901::/49,2128295,1861060,,0,0,,43.0642,141.3469,100
2001:240:2901:8000::/49,1861060,1861060,,0,0,,36.0000,138.0000,100
2001:240:2902::/47,1861060,1861060,,0,0,,36.0000,138.0000,100
2001:240:2904::/46,1861060,1861060,,0,0,,36.0000,138.0000,100
2001:240:2908::/45,1861060,1861060,,0,0,,36.0000,138.0000,100
2001:240:2910::/44,1861060,1861060,,0,0,,36.0000,138.0000,100
2001:240:2920::/43,1861060,1861060,,0,0,,36.0000,138.0000,100
2001:240:2940::/42,1861060,1861060,,0,0,,36.0000,138.0000,100
2001:240:2980::/45,1861060,1861060,,0,0,,36.0000,138.0000,100
2001:240:2988::/49,1850147,1861060,,0,0,100-0001,35.6427,139.7677,100
2001:240:2988:8000::/49,1861060,1861060,,0,0,,36.0000,138.0000,100
2001:240:2989::/48,1861060,1861060,,0,0,,36.0000,138.0000,100
2001:240:298a::/47,1861060,1861060,,0,0,,36.0000,138.0000,100
2001:240:298c::/47,1861060,1861060,,0,0,,36.0000,138.0000,100
2001:240:298e::/49,1861060,1861060,,0,0,,36.0000,138.0000,100
2001:240:298e:8000::/49,1850147,1861060,,0,0,100-0001,35.6427,139.7677,100
2001:240:298f::/48,1861060,1861060,,0,0,,36.0000,138.0000,100
2001:240:2990::/47,1861060,1861060,,0,0,,36.0000,138.0000,100
2001:240:2992::/49,1850147,1861060,,0,0,100-0001,35.6427,139.7677,100
2001:240:2992:8000::/49,1861060,1861060,,0,0,,36.0000,138.0000,100
2001:240:2993::/48,1861060,1861060,,0,0,,36.0000,138.0000,100
2001:240:2994::/48,1861060,1861060,,0,0,,36.0000,138.0000,100
2001:240:2995::/49,1861060,1861060,,0,0,,36.0000,138.0000,100
2001:240:2995:8000::/49,1850147,1861060,,0,0,100-0001,35.6427,139.7677,100
2001:240:2996::/47,1861060,1861060,,0,0,,36.0000,138.0000,100
2001:240:2998::/48,1861060,1861060,,0,0,,36.0000,138.0000,100
2001:240:2999::/49,1850147,1861060,,0,0,100-0001,35.6427,139.7677,100
2001:240:2999:8000::/49,1861060,1861060,,0,0,,36.0000,138.0000,100
2001:240:299a::/48,1861060,1861060,,0,0,,36.0000,138.0000,100
2001:240:299b::/49,1861060,1861060,,0,0,,36.0000,138.0000,100
2001:240:299b:8000::/49,1850147,1861060,,0,0,100-0001,35.6427,139.7677,100
2001:240:299c::/46,1861060,1861060,,0,0,,36.0000,138.0000,100
2001:240:29a0::/47,1861060,1861060,,0,0,,36.0000,138.0000,100
2001:240:29a2::/49,1850147,1861060,,0,0,100-0001,35.6427,139.7677,100
2001:240:29a2:8000::/49,1861060,1861060,,0,0,,36.0000,138.0000,100
2001:240:29a3::/49,1850147,1861060,,0,0,100-0001,35.6427,139.7677,100
2001:240:29a3:8000::/49,1861060,1861060,,0,0,,36.0000,138.0000,100
2001:240:29a4::/47,1861060,1861060,,0,0,,36.0000,138.0000,100
2001:240:29a6::/48,1861060,1861060,,0,0,,36.0000,138.0000,100
2001:240:29a7::/49,1850147,1861060,,0,0,100-0001,35.6427,139.7677,100
2001:240:29a7:8000::/49,1861060,1861060,,0,0,,36.0000,138.0000,100
2001:240:29a8::/46,1861060,1861060,,0,0,,36.0000,138.0000,100
2001:240:29ac::/49,1850147,1861060,,0,0,100-0001,35.6427,139.7677,100
2001:240:29ac:8000::/49,1861060,1861060,,0,0,,36.0000,138.0000,100
2001:240:29ad::/48,1861060,1861060,,0,0,,36.0000,138.0000,100
2001:240:29ae::/47,1861060,1861060,,0,0,,36.0000,138.0000,100
2001:240:29b0::/44,1861060,1861060,,0,0,,36.0000,138.0000,100
2001:240:29c0::/44,1861060,1861060,,0,0,,36.0000,138.0000,100
2001:240:29d0::/46,1861060,1861060,,0,0,,36.0000,138.0000,100
2001:240:29d4::/48,1861060,1861060,,0,0,,36.0000,138.0000,100
2001:240:29d5::/49,1859642,1861060,,0,0,210-0835,35.5206,139.7172,100
2001:240:29d5:8000::/49,1861060,1861060,,0,0,,36.0000,138.0000,100
2001:240:29d6::/49,1848354,1861060,,0,0,231-0021,35.4478,139.6425,100
2001:240:29d6:8000::/49,1861060,1861060,,0,0,,36.0000,138.0000,100
2001:240:29d7::/48,1861060,1861060,,0,0,,36.0000,138.0000,100
2001:240:29d8::/46,1861060,1861060,,0,0,,36.0000,138.0000,100
2001:240:29dc::/48,1861060,1861060,,0,0,,36.0000,138.0000,100
2001:240:29dd::/49,1861060,1861060,,0,0,,36.0000,138.0000,100
2001:240:29dd:8000::/49,1848354,1861060,,0,0,231-0021,35.4478,139.6425,100
2001:240:29de::/48,1861060,1861060,,0,0,,36.0000,138.0000,100
2001:240:29df::/49,1864092,1861060,,0,0,251-0052,35.3419,139.4700,100
2001:240:29df:8000::/49,1861060,1861060,,0,0,,36.0000,138.0000,100
2001:240:29e0::/45,1861060,1861060,,0,0,,36.0000,138.0000,100
2001:240:29e8::/49,1848354,1861060,,0,0,231-0021,35.4478,139.6425,100
2001:240:29e8:8000::/49,1861060,1861060,,0,0,,36.0000,138.0000,100
2001:240:29e9::/48,1861060,1861060,,0,0,,36.0000,138.0000,100
2001:240:29ea::/47,1861060,1861060,,0,0,,36.0000,138.0000,100
2001:240:29ec::/47,1861060,1861060,,0,0,,36.0000,138.0000,100
2001:240:29ee::/49,1848354,1861060,,0,0,231-0021,35.4478,139.6425,100
2001:240:29ee:8000::/49,1861060,1861060,,0,0,,36.0000,138.0000,100
2001:240:29ef::/48,1861060,1861060,,0,0,,36.0000,138.0000,100
2001:240:29f0::/44,1861060,1861060,,0,0,,36.0000,138.0000,100
2001:240:2a00::/45,1861060,1861060,,0,0,,36.0000,138.0000,100
2001:240:2a08::/47,1861060,1861060,,0,0,,36.0000,138.0000,100
2001:240:2a0a::/48,1861060,1861060,,0,0,,36.0000,138.0000,100
2001:240:2a0b::/49,1855431,1861060,,0,0,950-0965,37.9022,139.0236,100
2001:240:2a0b:8000::/49,1861060,1861060,,0,0,,36.0000,138.0000,100
2001:240:2a0c::/46,1861060,1861060,,0,0,,36.0000,138.0000,100
2001:240:2a10::/44,1861060,1861060,,0,0,,36.0000,138.0000,100
2001:240:2a20::/49,1856215,1861060,,0,0,380-0837,36.6514,138.1811,100
2001:240:2a20:8000::/49,1861060,1861060,,0,0,,36.0000,138.0000,100
2001:240:2a21::/48,1861060,1861060,,0,0,,36.0000,138.0000,100
2001:240:2a22::/47,1861060,1861060,,0,0,,36.0000,138.0000,100
2001:240:2a24::/46,1861060,1861060,,0,0,,36.0000,138.0000,100
2001:240:2a28::/45,1861060,1861060,,0,0,,36.0000,138.0000,100
2001:240:2a30::/44,1861060,1861060,,0,0,,36.0000,138.0000,100
2001:240:2a40::/43,1861060,1861060,,0,0,,36.0000,138.0000,100
2001:240:2a60::/44,1861060,1861060,,0,0,,36.0000,138.0000,100
2001:240:2a70::/49,1853909,1861060,,0,0,540-0008,34.6864,135.5200,100
2001:240:2a70:8000::/49,1861060,1861060,,0,0,,36.0000,138.0000,100
2001:240:2a71::/48,1861060,1861060,,0,0,,36.0000,138.0000,100
2001:240:2a72::/49,1853909,1861060,,0,0,540-0008,34.6864,135.5200,100
2001:240:2a72:8000::/49,1861060,1861060,,0,0,,36.0000,138.0000,100
2001:240:2a73::/48,1861060,1861060,,0,0,,36.0000,138.0000,100
2001:240:2a74::/47,1861060,1861060,,0,0,,36.0000,138.0000,100
2001:240:2a76::/48,1861060,1861060,,0,0,,36.0000,138.0000,100
2001:240:2a77::/49,1853909,1861060,,0,0,540-0008,34.6864,135.5200,100
2001:240:2a77:8000::/49,1861060,1861060,,0,0,,36.0000,138.0000,100
2001:240:2a78::/45,1861060,1861060,,0,0,,36.0000,138.0000,100
2001:240:2a80::/41,1861060,1861060,,0,0,,36.0000,138.0000,100
2001:240:2b00::/40,1861060,1861060,,0,0,,36.0000,138.0000,100
2001:240:2c00::/38,1861060,1861060,,0,0,,36.0000,138.0000,100
2001:240:3000::/36,1861060,1861060,,0,0,,36.0000,138.0000,100
2001:240:4000::/34,1861060,1861060,,0,0,,36.0000,138.0000,100
2001:240:8000::/35,1861060,1861060,,0,0,,36.0000,138.0000,100
2001:240:a000::/36,1861060,1861060,,0,0,,36.0000,138.0000,100
2001:240:b000::/37,1861060,1861060,,0,0,,36.0000,138.0000,100
2001:240:b800::/39,1861060,1861060,,0,0,,36.0000,138.0000,100
2001:240:ba00::/40,1861060,1861060,,0,0,,36.0000,138.0000,100
2001:240:bb00::/42,1861060,1861060,,0,0,,36.0000,138.0000,100
2001:240:bb40::/45,1861060,1861060,,0,0,,36.0000,138.0000,100
2001:240:bb48::/48,1861060,1861060,,0,0,,36.0000,138.0000,100
2001:240:bb49::/49,1861060,1861060,,0,0,,36.0000,138.0000,100
2001:240:bb49:8000::/49,1848354,1861060,,0,0,231-0021,35.4478,139.6425,100
2001:240:bb4a::/47,1861060,1861060,,0,0,,36.0000,138.0000,100
2001:240:bb4c::/46,1861060,1861060,,0,0,,36.0000,138.0000,100
2001:240:bb50::/45,1861060,1861060,,0,0,,36.0000,138.0000,100
2001:240:bb58::/46,1861060,1861060,,0,0,,36.0000,138.0000,100
2001:240:bb5c::/47,1861060,1861060,,0,0,,36.0000,138.0000,100
2001:240:bb5e::/49,1850147,1861060,,0,0,100-0001,35.6427,139.7677,100
2001:240:bb5e:8000::/49,1861060,1861060,,0,0,,36.0000,138.0000,100
2001:240:bb5f::/48,1861060,1861060,,0,0,,36.0000,138.0000,100
2001:240:bb60::/43,1861060,1861060,,0,0,,36.0000,138.0000,100
2001:240:bb80::/41,1861060,1861060,,0,0,,36.0000,138.0000,100
2001:240:bc00::/38,1861060,1861060,,0,0,,36.0000,138.0000,100
2001:240:c000::/34,1861060,1861060,,0,0,,36.0000,138.0000,100
2001:250::/39,1814991,1814991,,0,0,,35.0000,105.0000,100
2001:250:200::/46,1814991,1814991,,0,0,,35.0000,105.0000,100
2001:250:204::/47,1814991,1814991,,0,0,,35.0000,105.0000,100
2001:250:206::/48,1814991,1814991,,0,0,,35.0000,105.0000,100
2001:250:207::/49,1816670,1814991,,0,0,,39.9289,116.3883,100
2001:250:207:8000::/49,1814991,1814991,,0,0,,35.0000,105.0000,100
2001:250:208::/49,1816670,1814991,,0,0,,39.9289,116.3883,100
2001:250:208:8000::/49,1814991,1814991,,0,0,,35.0000,105.0000,100
2001:250:209::/49,1816670,1814991,,0,0,,39.9289,116.3883,100
2001:250:209:8000::/49,1814991,1814991,,0,0,,35.0000,105.0000,100
2001:250:20a::/49,1816670,1814991,,0,0,,39.9289,116.3883,100
2001:250:20a:8000::/49,1814991,1814991,,0,0,,35.0000,105.0000,100
2001:250:20b::/48,1814991,1814991,,0,0,,35.0000,105.0000,100
2001:250:20c::/46,1814991,1814991,,0,0,,35.0000,105.0000,100
2001:250:210::/46,1814991,1814991,,0,0,,35.0000,105.0000,100
2001:250:214::/47,1814991,1814991,,0,0,,35.0000,105.0000,100
2001:250:216::/48,1814991,1814991,,0,0,,35.0000,105.0000,100
2001:250:217::/49,1816670,1814991,,0,0,,39.9289,116.3883,100
2001:250:217:8000::/49,1814991,1814991,,0,0,,35.0000,105.0000,100
2001:250:218::/49,1816670,1814991,,0,0,,39.9289,116.3883,100
2001:250:218:8000::/49,1814991,1814991,,0,0,,35.0000,105.0000,100
2001:250:219::/49,1814991,1814991,,0,0,,35.0000,105.0000,100
2001:250:219:8000::/49,1816670,1814991,,0,0,,39.9289,116.3883,100
2001:250:21a::/47,1814991,1814991,,0,0,,35.0000,105.0000,100
2001:250:21c::/46,1814991,1814991,,0,0,,35.0000,105.0000,100
2001:250:220::/43,1814991,1814991,,0,0,,35.0000,105.0000,100
2001:250:240::/42,1814991,1814991,,0,0,,35.0000,105.0000,100
2001:250:280::/41,1814991,1814991,,0,0,,35.0000,105.0000,100
2001:250:300::/40,1814991,1814991,,0,0,,35.0000,105.0000,100
2001:250:400::/48,1814991,1814991,,0,0,,35.0000,105.0000,100
2001:250:401::/49,1792947,1814991,,0,0,,39.1422,117.1767,100
2001:250:401:8000::/49,1814991,1814991,,0,0,,35.0000,105.0000,100
2001:250:402::/47,1814991,1814991,,0,0,,35.0000,105.0000,100
2001:250:404::/49,1792947,1814991,,0,0,,39.1422,117.1767,100
2001:250:404:8000::/49,1814991,1814991,,0,0,,35.0000,105.0000,100
2001:250:405::/49,1792947,1814991,,0,0,,39.1422,117.1767,100
2001:250:405:8000::/49,1814991,1814991,,0,0,,35.0000,105.0000,100
2001:250:406::/47,1814991,1814991,,0,0,,35.0000,105.0000,100
2001:250:408::/45,1814991,1814991,,0,0,,35.0000,105.0000,100
2001:250:410::/44,1814991,1814991,,0,0,,35.0000,105.0000,100
2001:250:420::/43,1814991,1814991,,0,0,,35.0000,105.0000,100
2001:250:440::/42,1814991,1814991,,0,0,,35.0000,105.0000,100
2001:250:480::/41,1814991,1814991,,0,0,,35.0000,105.0000,100
2001:250:500::/40,1814991,1814991,,0,0,,35.0000,105.0000,100
2001:250:600::/39,1814991,1814991,,0,0,,35.0000,105.0000,100
2001:250:800::/38,1814991,1814991,,0,0,,35.0000,105.0000,100
2001:250:c00::/49,1793511,1814991,,0,0,,37.7269,112.4708,100
2001:250:c00:8000::/49,1814991,1814991,,0,0,,35.0000,105.0000,100
2001:250:c01::/49,1790630,1814991,,0,0,,34.2583,108.9286,100
2001:250:c01:8000::/49,1814991,1814991,,0,0,,35.0000,105.0000,100
2001:250:c02::/47,1814991,1814991,,0,0,,35.0000,105.0000,100
2001:250:c04::/46,1814991,1814991,,0,0,,35.0000,105.0000,100
2001:250:c08::/45,1814991,1814991,,0,0,,35.0000,105.0000,100
2001:250:c10::/44,1814991,1814991,,0,0,,35.0000,105.0000,100
2001:250:c20::/43,1814991,1814991,,0,0,,35.0000,105.0000,100
2001:250:c40::/42,1814991,1814991,,0,0,,35.0000,105.0000,100
2001:250:c80::/41,1814991,1814991,,0,0,,35.0000,105.0000,100
2001:250:d00::/40,1814991,1814991,,0,0,,35.0000,105.0000,100
2001:250:e00::/39,1814991,1814991,,0,0,,35.0000,105.0000,100
2001:250:1000::/48,1814991,1814991,,0,0,,35.0000,105.0000,100
2001:250:1001::/49,9088338,1814991,,0,0,,29.5000,87.6000,100
2001:250:1001:8000::/49,1814991,1814991,,0,0,,35.0000,105.0000,100
2001:250:1002::/49,1790630,1814991,,0,0,,34.2583,108.9286,100
2001:250:1002:8000::/49,1814991,1814991,,0,0,,35.0000,105.0000,100
2001:250:1003::/48,1790630,1814991,,0,0,,34.2583,108.9286,100
2001:250:1004::/49,1790630,1814991,,0,0,,34.2583,108.9286,100
2001:250:1004:8000::/49,1814991,1814991,,0,0,,35.0000,105.0000,100
2001:250:1005::/49,1814991,1814991,,0,0,,35.0000,105.0000,100
2001:250:1005:8000::/49,1790630,1814991,,0,0,,34.2583,108.9286,100
2001:250:1006::/48,1790630,1814991,,0,0,,34.2583,108.9286,100
2001:250:1007::/48,1814991,1814991,,0,0,,35.0000,105.0000,100
2001:250:1008::/45,1814991,1814991,,0,0,,35.0000,105.0000,100
2001:250:1010::/44,1814991,1814991,,0,0,,35.0000,105.0000,100
2001:250:1020::/43,1814991,1814991,,0,0,,35.0000,105.0000,100
2001:250:1040::/42,1814991,1814991,,0,0,,35.0000,105.0000,100
2001:250:1080::/41,1814991,1814991,,0,0,,35.0000,105.0000,100
2001:250:1100::/40,1814991,1814991,,0,0,,35.0000,105.0000,100
2001:250:1200::/39,1814991,1814991,,0,0,,35.0000,105.0000,100
2001:250:1400::/47,1814991,1814991,,0,0,,35.0000,105.0000,100
2001:250:1402::/48,1814991,1814991,,0,0,,35.0000,105.0000,100
2001:250:1403::/49,1804430,1814991,,0,0,,36.0564,103.7922,100
2001:250:1403:8000::/49,1814991,1814991,,0,0,,35.0000,105.0000,100
2001:250:1404::/46,1814991,1814991,,0,0,,35.0000,105.0000,100
2001:250:1408::/45,1814991,1814991,,0,0,,35.0000,105.0000,100
2001:250:1410::/44,1814991,1814991,,0,0,,35.0000,105.0000,100
2001:250:1420::/43,1814991,1814991,,0,0,,35.0000,105.0000,100
2001:250:1440::/42,1814991,1814991,,0,0,,35.0000,105.0000,100
2001:250:1480::/41,1814991,1814991,,0,0,,35.0000,105.0000,100
2001:250:1500::/40,1814991,1814991,,0,0,,35.0000,105.0000,100
2001:250:1600::/39,1814991,1814991,,0,0,,35.0000,105.0000,100
2001:250:1800::/49,1529102,1814991,,0,0,,43.8010,87.6005,100
2001:250:1800:8000::/49,1814991,1814991,,0,0,,35.0000,105.0000,100
2001:250:1801::/48,1814991,1814991,,0,0,,35.0000,105.0000,100
2001:250:1802::/47,1814991,1814991,,0,0,,35.0000,105.0000,100
2001:250:1804::/46,1814991,1814991,,0,0,,35.0000,105.0000,100
2001:250:1808::/45,1814991,1814991,,0,0,,35.0000,105.0000,100
2001:250:1810::/44,1814991,1814991,,0,0,,35.0000,105.0000,100
2001:250:1820::/43,1814991,1814991,,0,0,,35.0000,105.0000,100
2001:250:1840::/42,1814991,1814991,,0,0,,35.0000,105.0000,100
2001:250:1880::/41,1814991,1814991,,0,0,,35.0000,105.0000,100
2001:250:1900::/40,1814991,1814991,,0,0,,35.0000,105.0000,100
2001:250:1a00::/39,1814991,1814991,,0,0,,35.0000,105.0000,100
2001:250:1c00::/47,1814991,1814991,,0,0,,35.0000,105.0000,100
2001:250:1c02::/49,1814991,1814991,,0,0,,35.0000,105.0000,100
2001:250:1c02:8000::/49,1786657,1814991,,0,0,,38.4681,106.2731,100
2001:250:1c03::/48,1814991,1814991,,0,0,,35.0000,105.0000,100
2001:250:1c04::/46,1814991,1814991,,0,0,,35.0000,105.0000,100
2001:250:1c08::/45,1814991,1814991,,0,0,,35.0000,105.0000,100
2001:250:1c10::/44,1814991,1814991,,0,0,,35.0000,105.0000,100
2001:250:1c20::/43,1814991,1814991,,0,0,,35.0000,105.0000,100
2001:250:1c40::/42,1814991,1814991,,0,0,,35.0000,105.0000,100
2001:250:1c80::/41,1814991,1814991,,0,0,,35.0000,105.0000,100
2001:250:1d00::/40,1814991,1814991,,0,0,,35.0000,105.0000,100
2001:250:1e00::/39,1814991,1814991,,0,0,,35.0000,105.0000,100
2001:250:2000::/48,1814991,1814991,,0,0,,35.0000,105.0000,100
2001:250:2001::/49,1814991,1814991,,0,0,,35.0000,105.0000,100
2001:250:2001:8000::/49,1815286,1814991,,0,0,,30.6667,104.0667,100
2001:250:2002::/48,1814991,1814991,,0,0,,35.0000,105.0000,100
2001:250:2003::/49,1815286,1814991,,0,0,,30.6667,104.0667,100
2001:250:2003:8000::/49,1814991,1814991,,0,0,,35.0000,105.0000,100
2001:250:2004::/48,1814991,1814991,,0,0,,35.0000,105.0000,100
2001:250:2005::/49,1815286,1814991,,0,0,,30.6667,104.0667,100
2001:250:2005:8000::/49,1814991,1814991,,0,0,,35.0000,105.0000,100
2001:250:2006::/48,1814991,1814991,,0,0,,35.0000,105.0000,100
2001:250:2007::/49,1815286,1814991,,0,0,,30.6667,104.0667,100
2001:250:2007:8000::/49,1814991,1814991,,0,0,,35.0000,105.0000,100
2001:250:2008::/45,1814991,1814991,,0,0,,35.0000,105.0000,100
2001:250:2010::/44,1814991,1814991,,0,0,,35.0000,105.0000,100
2001:250:2020::/43,1814991,1814991,,0,0,,35.0000,105.0000,100
2001:250:2040::/42,1814991,1814991,,0,0,,35.0000,105.0000,100
2001:250:2080::/41,1814991,1814991,,0,0,,35.0000,105.0000,100
2001:250:2100::/40,1814991,1814991,,0,0,,35.0000,105.0000,100
2001:250:2200::/39,1814991,1814991,,0,0,,35.0000,105.0000,100
2001:250:2400::/38,1814991,1814991,,0,0,,35.0000,105.0000,100
2001:250:2800::/49,1804651,1814991,,0,0,,25.0389,102.7183,100
2001:250:2800:8000::/49,1814991,1814991,,0,0,,35.0000,105.0000,100
2001:250:2801::/48,1814991,1814991,,0,0,,35.0000,105.0000,100
2001:250:2802::/47,1814991,1814991,,0,0,,35.0000,105.0000,100
2001:250:2804::/46,1814991,1814991,,0,0,,35.0000,105.0000,100
2001:250:2808::/45,1814991,1814991,,0,0,,35.0000,105.0000,100
2001:250:2810::/44,1814991,1814991,,0,0,,35.0000,105.0000,100
2001:250:2820::/43,1814991,1814991,,0,0,,35.0000,105.0000,100
2001:250:2840::/42,1814991,1814991,,0,0,,35.0000,105.0000,100
2001:250:2880::/41,1814991,1814991,,0,0,,35.0000,105.0000,100
2001:250:2900::/40,1814991,1814991,,0,0,,35.0000,105.0000,100
2001:250:2a00::/39,1814991,1814991,,0,0,,35.0000,105.0000,100
2001:250:2c00::/38,1814991,1814991,,0,0,,35.0000,105.0000,100
2001:250:3000::/49,1809858,1814991,,0,0,,23.1167,113.2500,100
2001:250:3000:8000::/49,1814991,1814991,,0,0,,35.0000,105.0000,100
2001:250:3001::/48,1814991,1814991,,0,0,,35.0000,105.0000,100
2001:250:3002::/49,1809858,1814991,,0,0,,23.1167,113.2500,100
2001:250:3002:8000::/49,1814991,1814991,,0,0,,35.0000,105.0000,100
2001:250:3003::/49,1997068,1814991,,0,0,,23.4522,116.0922,100
2001:250:3003:8000::/49,1814991,1814991,,0,0,,35.0000,105.0000,100
2001:250:3004::/46,1814991,1814991,,0,0,,35.0000,105.0000,100
2001:250:3008::/45,1814991,1814991,,0,0,,35.0000,105.0000,100
2001:250:3010::/44,1814991,1814991,,0,0,,35.0000,105.0000,100
2001:250:3020::/43,1814991,1814991,,0,0,,35.0000,105.0000,100
2001:250:3040::/42,1814991,1814991,,0,0,,35.0000,105.0000,100
2001:250:3080::/41,1814991,1814991,,0,0,,35.0000,105.0000,100
2001:250:3100::/40,1814991,1814991,,0,0,,35.0000,105.0000,100
2001:250:3200::/39,1814991,1814991,,0,0,,35.0000,105.0000,100
2001:250:3400::/38,1814991,1814991,,0,0,,35.0000,105.0000,100
2001:250:3800::/38,1814991,1814991,,0,0,,35.0000,105.0000,100
2001:250:3c00::/49,1795565,1814991,,0,0,,22.5333,114.1333,100
2001:250:3c00:8000::/49,1814991,1814991,,0,0,,35.0000,105.0000,100
2001:250:3c01::/48,1814991,1814991,,0,0,,35.0000,105.0000,100
2001:250:3c02::/49,1795565,1814991,,0,0,,22.5333,114.1333,100
2001:250:3c02:8000::/49,1814991,1814991,,0,0,,35.0000,105.0000,100
2001:250:3c03::/48,1814991,1814991,,0,0,,35.0000,105.0000,100
2001:250:3c04::/46,1814991,1814991,,0,0,,35.0000,105.0000,100
2001:250:3c08::/45,1814991,1814991,,0,0,,35.0000,105.0000,100
2001:250:3c10::/44,1814991,1814991,,0,0,,35.0000,105.0000,100
2001:250:3c20::/43,1814991,1814991,,0,0,,35.0000,105.0000,100
2001:250:3c40::/42,1814991,1814991,,0,0,,35.0000,105.0000,100
2001:250:3c80::/41,1814991,1814991,,0,0,,35.0000,105.0000,100
2001:250:3d00::/40,1814991,1814991,,0,0,,35.0000,105.0000,100
2001:250:3e00::/39,1814991,1814991,,0,0,,35.0000,105.0000,100
2001:250:4000::/48,1791247,1814991,,0,0,,30.5801,114.2734,100
2001:250:4001::/49,1791247,1814991,,0,0,,30.5801,114.2734,100
2001:250:4001:8000::/49,1814991,1814991,,0,0,,35.0000,105.0000,100
2001:250:4002::/49,1791247,1814991,,0,0,,30.5801,114.2734,100
2001:250:4002:8000::/49,1814991,1814991,,0,0,,35.0000,105.0000,100
2001:250:4003::/49,1791247,1814991,,0,0,,30.5801,114.2734,100
2001:250:4003:8000::/49,1814991,1814991,,0,0,,35.0000,105.0000,100
2001:250:4004::/48,1791247,1814991,,0,0,,30.5801,114.2734,100
2001:250:4005::/48,1814991,1814991,,0,0,,35.0000,105.0000,100
2001:250:4006::/47,1814991,1814991,,0,0,,35.0000,105.0000,100
2001:250:4008::/45,1814991,1814991,,0,0,,35.0000,105.0000,100
2001:250:4010::/44,1814991,1814991,,0,0,,35.0000,105.0000,100
2001:250:4020::/43,1814991,1814991,,0,0,,35.0000,105.0000,100
2001:250:4040::/42,1814991,1814991,,0,0,,35.0000,105.0000,100
2001:250:4080::/41,1814991,1814991,,0,0,,35.0000,105.0000,100
2001:250:4100::/40,1814991,1814991,,0,0,,35.0000,105.0000,100
2001:250:4200::/39,1814991,1814991,,0,0,,35.0000,105.0000,100
2001:250:4400::/49,1814991,1814991,,0,0,,35.0000,105.0000,100
2001:250:4400:8000::/49,1815577,1814991,,0,0,,28.1792,113.1136,100
2001:250:4401::/48,1814991,1814991,,0,0,,35.0000,105.0000,100
2001:250:4402::/49,1815577,1814991,,0,0,,28.1792,113.1136,100
2001:250:4402:8000::/49,1814991,1814991,,0,0,,35.0000,105.0000,100
2001:250:4403::/49,1928504,1814991,,0,0,,28.6411,111.7789,100
2001:250:4403:8000::/49,1814991,1814991,,0,0,,35.0000,105.0000,100
2001:250:4404::/46,1814991,1814991,,0,0,,35.0000,105.0000,100
2001:250:4408::/45,1814991,1814991,,0,0,,35.0000,105.0000,100
2001:250:4410::/44,1814991,1814991,,0,0,,35.0000,105.0000,100
2001:250:4420::/43,1814991,1814991,,0,0,,35.0000,105.0000,100
2001:250:4440::/42,1814991,1814991,,0,0,,35.0000,105.0000,100
2001:250:4480::/41,1814991,1814991,,0,0,,35.0000,105.0000,100
2001:250:4500::/40,1814991,1814991,,0,0,,35.0000,105.0000,100
2001:250:4600::/39,1814991,1814991,,0,0,,35.0000,105.0000,100
2001:250:4800::/45,1814991,1814991,,0,0,,35.0000,105.0000,100
2001:250:4808::/48,1814991,1814991,,0,0,,35.0000,105.0000,100
2001:250:4809::/49,1784658,1814991,,0,0,,34.6836,113.5325,100
2001:250:4809:8000::/49,1814991,1814991,,0,0,,35.0000,105.0000,100
2001:250:480a::/47,1814991,1814991,,0,0,,35.0000,105.0000,100
2001:250:480c::/49,1804879,1814991,,0,0,,34.7442,114.4186,100
2001:250:480c:8000::/49,1814991,1814991,,0,0,,35.0000,105.0000,100
2001:250:480d::/48,1814991,1814991,,0,0,,35.0000,105.0000,100
2001:250:480e::/48,1814991,1814991,,0,0,,35.0000,105.0000,100
2001:250:480f::/49,1793133,1814991,,0,0,,27.8456,120.4928,100
2001:250:480f:8000::/49,1814991,1814991,,0,0,,35.0000,105.0000,100
2001:250:4810::/47,1814991,1814991,,0,0,,35.0000,105.0000,100
2001:250:4812::/48,1814991,1814991,,0,0,,35.0000,105.0000,100
2001:250:4813::/49,1801934,1814991,,0,0,,33.5717,114.0353,100
2001:250:4813:8000::/49,1814991,1814991,,0,0,,35.0000,105.0000,100
2001:250:4814::/46,1814991,1814991,,0,0,,35.0000,105.0000,100
2001:250:4818::/45,1814991,1814991,,0,0,,35.0000,105.0000,100
2001:250:4820::/43,1814991,1814991,,0,0,,35.0000,105.0000,100
2001:250:4840::/42,1814991,1814991,,0,0,,35.0000,105.0000,100
2001:250:4880::/41,1814991,1814991,,0,0,,35.0000,105.0000,100
2001:250:4900::/40,1814991,1814991,,0,0,,35.0000,105.0000,100
2001:250:4a00::/39,1814991,1814991,,0,0,,35.0000,105.0000,100
2001:250:4c00::/38,1814991,1814991,,0,0,,35.0000,105.0000,100
2001:250:5000::/47,1814991,1814991,,0,0,,35.0000,105.0000,100
2001:250:5002::/49,1814991,1814991,,0,0,,35.0000,105.0000,100
2001:250:5002:8000::/49,1799962,1814991,,0,0,,32.0617,118.7778,100
2001:250:5003::/48,1814991,1814991,,0,0,,35.0000,105.0000,100
2001:250:5004::/49,1799962,1814991,,0,0,,32.0617,118.7778,100
2001:250:5004:8000::/49,1814991,1814991,,0,0,,35.0000,105.0000,100
2001:250:5005::/48,1814991,1814991,,0,0,,35.0000,105.0000,100
2001:250:5006::/47,1814991,1814991,,0,0,,35.0000,105.0000,100
2001:250:5008::/46,1814991,1814991,,0,0,,35.0000,105.0000,100
2001:250:500c::/47,1814991,1814991,,0,0,,35.0000,105.0000,100
2001:250:500e::/48,1814991,1814991,,0,0,,35.0000,105.0000,100
2001:250:500f::/49,1886760,1814991,,0,0,,31.3041,120.5954,100
2001:250:500f:8000::/49,1814991,1814991,,0,0,,35.0000,105.0000,100
2001:250:5010::/45,1814991,1814991,,0,0,,35.0000,105.0000,100
2001:250:5018::/49,1799962,1814991,,0,0,,32.0617,118.7778,100
2001:250:5018:8000::/49,1814991,1814991,,0,0,,35.0000,105.0000,100
2001:250:5019::/48,1814991,1814991,,0,0,,35.0000,105.0000,100
2001:250:501a::/47,1814991,1814991,,0,0,,35.0000,105.0000,100
2001:250:501c::/46,1814991,1814991,,0,0,,35.0000,105.0000,100
2001:250:5020::/43,1814991,1814991,,0,0,,35.0000,105.0000,100
2001:250:5040::/42,1814991,1814991,,0,0,,35.0000,105.0000,100
2001:250:5080::/41,1814991,1814991,,0,0,,35.0000,105.0000,100
2001:250:5100::/40,1814991,1814991,,0,0,,35.0000,105.0000,100
2001:250:5200::/39,1814991,1814991,,0,0,,35.0000,105.0000,100
2001:250:5400::/48,1814991,1814991,,0,0,,35.0000,105.0000,100
2001:250:5401::/49,1808722,1814991,,0,0,,31.8639,117.2808,100
2001:250:5401:8000::/49,1814991,1814991,,0,0,,35.0000,105.0000,100
2001:250:5402::/48,1814991,1814991,,0,0,,35.0000,105.0000,100
2001:250:5403::/49,1814757,1814991,,0,0,,32.3219,118.2978,100
2001:250:5403:8000::/49,1814991,1814991,,0,0,,35.0000,105.0000,100
2001:250:5404::/49,1808722,1814991,,0,0,,31.8639,117.2808,100
2001:250:5404:8000::/49,1814991,1814991,,0,0,,35.0000,105.0000,100
2001:250:5405::/49,1808722,1814991,,0,0,,31.8639,117.2808,100
2001:250:5405:8000::/49,1814991,1814991,,0,0,,35.0000,105.0000,100
2001:250:5406::/47,1814991,1814991,,0,0,,35.0000,105.0000,100
2001:250:5408::/48,1814991,1814991,,0,0,,35.0000,105.0000,100
2001:250:5409::/49,1808722,1814991,,0,0,,31.8639,117.2808,100
2001:250:5409:8000::/49,1814991,1814991,,0,0,,35.0000,105.0000,100
2001:250:540a::/47,1814991,1814991,,0,0,,35.0000,105.0000,100
2001:250:540c::/46,1814991,1814991,,0,0,,35.0000,105.0000,100
2001:250:5410::/44,1814991,1814991,,0,0,,35.0000,105.0000,100
2001:250:5420::/43,1814991,1814991,,0,0,,35.0000,105.0000,100
2001:250:5440::/42,1814991,1814991,,0,0,,35.0000,105.0000,100
2001:250:5480::/41,1814991,1814991,,0,0,,35.0000,105.0000,100
2001:250:5500::/40,1814991,1814991,,0,0,,35.0000,105.0000,100
2001:250:5600::/39,1814991,1814991,,0,0,,35.0000,105.0000,100
2001:250:5800::/44,1814991,1814991,,0,0,,35.0000,105.0000,100
2001:250:5810::/46,1814991,1814991,,0,0,,35.0000,105.0000,100
2001:250:5814::/47,1814991,1814991,,0,0,,35.0000,105.0000,100
2001:250:5816::/49,1797929,1814991,,0,0,,36.0986,120.3719,100
2001:250:5816:8000::/49,1814991,1814991,,0,0,,35.0000,105.0000,100
2001:250:5817::/48,1814991,1814991,,0,0,,35.0000,105.0000,100
2001:250:5818::/45,1814991,1814991,,0,0,,35.0000,105.0000,100
2001:250:5820::/43,1814991,1814991,,0,0,,35.0000,105.0000,100
2001:250:5840::/42,1814991,1814991,,0,0,,35.0000,105.0000,100
2001:250:5880::/41,1814991,1814991,,0,0,,35.0000,105.0000,100
2001:250:5900::/40,1814991,1814991,,0,0,,35.0000,105.0000,100
2001:250:5a00::/39,1814991,1814991,,0,0,,35.0000,105.0000,100
2001:250:5c00::/38,1814991,1814991,,0,0,,35.0000,105.0000,100
2001:250:6000::/38,1814991,1814991,,0,0,,35.0000,105.0000,100
2001:250:6400::/45,1814991,1814991,,0,0,,35.0000,105.0000,100
2001:250:6408::/47,1814991,1814991,,0,0,,35.0000,105.0000,100
2001:250:640a::/49,1799397,1814991,,0,0,,29.8782,121.5495,100
2001:250:640a:8000::/49,1814991,1814991,,0,0,,35.0000,105.0000,100
2001:250:640b::/48,1814991,1814991,,0,0,,35.0000,105.0000,100
2001:250:640c::/46,1814991,1814991,,0,0,,35.0000,105.0000,100
2001:250:6410::/44,1814991,1814991,,0,0,,35.0000,105.0000,100
2001:250:6420::/43,1814991,1814991,,0,0,,35.0000,105.0000,100
2001:250:6440::/42,1814991,1814991,,0,0,,35.0000,105.0000,100
2001:250:6480::/41,1814991,1814991,,0,0,,35.0000,105.0000,100
2001:250:6500::/40,1814991,1814991,,0,0,,35.0000,105.0000,100
2001:250:6600::/39,1814991,1814991,,0,0,,35.0000,105.0000,100
2001:250:6800::/48,1814991,1814991,,0,0,,35.0000,105.0000,100
2001:250:6801::/49,1790645,1814991,,0,0,,24.4798,118.0819,100
2001:250:6801:8000::/49,1814991,1814991,,0,0,,35.0000,105.0000,100
2001:250:6802::/48,1814991,1814991,,0,0,,35.0000,105.0000,100
2001:250:6803::/49,1810821,1814991,,0,0,,26.0614,119.3061,100
2001:250:6803:8000::/49,1814991,1814991,,0,0,,35.0000,105.0000,100
2001:250:6804::/49,1810821,1814991,,0,0,,26.0614,119.3061,100
2001:250:6804:8000::/49,1814991,1814991,,0,0,,35.0000,105.0000,100
2001:250:6805::/48,1814991,1814991,,0,0,,35.0000,105.0000,100
2001:250:6806::/47,1814991,1814991,,0,0,,35.0000,105.0000,100
2001:250:6808::/45,1814991,1814991,,0,0,,35.0000,105.0000,100
2001:250:6810::/44,1814991,1814991,,0,0,,35.0000,105.0000,100
2001:250:6820::/43,1814991,1814991,,0,0,,35.0000,105.0000,100
2001:250:6840::/42,1814991,1814991,,0,0,,35.0000,105.0000,100
2001:250:6880::/41,1814991,1814991,,0,0,,35.0000,105.0000,100
2001:250:6900::/40,1814991,1814991,,0,0,,35.0000,105.0000,100
2001:250:6a00::/39,1814991,1814991,,0,0,,35.0000,105.0000,100
2001:250:6c00::/48,1800163,1814991,,0,0,,28.5500,115.9333,100
2001:250:6c01::/48,1814991,1814991,,0,0,,35.0000,105.0000,100
2001:250:6c02::/47,1814991,1814991,,0,0,,35.0000,105.0000,100
2001:250:6c04::/46,1814991,1814991,,0,0,,35.0000,105.0000,100
2001:250:6c08::/45,1814991,1814991,,0,0,,35.0000,105.0000,100
2001:250:6c10::/44,1814991,1814991,,0,0,,35.0000,105.0000,100
2001:250:6c20::/43,1814991,1814991,,0,0,,35.0000,105.0000,100
2001:250:6c40::/42,1814991,1814991,,0,0,,35.0000,105.0000,100
2001:250:6c80::/41,1814991,1814991,,0,0,,35.0000,105.0000,100
2001:250:6d00::/40,1814991,1814991,,0,0,,35.0000,105.0000,100
2001:250:6e00::/39,1814991,1814991,,0,0,,35.0000,105.0000,100
2001:250:7000::/38,1814991,1814991,,0,0,,35.0000,105.0000,100
2001:250:7400::/48,1814991,1814991,,0,0,,35.0000,105.0000,100
2001:250:7401::/48,2038180,1814991,,0,0,,43.8800,125.3228,100
2001:250:7402::/47,1814991,1814991,,0,0,,35.0000,105.0000,100
2001:250:7404::/48,1814991,1814991,,0,0,,35.0000,105.0000,100
2001:250:7405::/49,2038180,1814991,,0,0,,43.8800,125.3228,100
2001:250:7405:8000::/49,1814991,1814991,,0,0,,35.0000,105.0000,100
2001:250:7406::/47,1814991,1814991,,0,0,,35.0000,105.0000,100
2001:250:7408::/45,1814991,1814991,,0,0,,35.0000,105.0000,100
2001:250:7410::/44,1814991,1814991,,0,0,,35.0000,105.0000,100
2001:250:7420::/43,1814991,1814991,,0,0,,35.0000,105.0000,100
2001:250:7440::/42,1814991,1814991,,0,0,,35.0000,105.0000,100
2001:250:7480::/41,1814991,1814991,,0,0,,35.0000,105.0000,100
2001:250:7500::/40,1814991,1814991,,0,0,,35.0000,105.0000,100
2001:250:7600::/39,1814991,1814991,,0,0,,35.0000,105.0000,100
2001:250:7800::/48,1814991,1814991,,0,0,,35.0000,105.0000,100
2001:250:7801::/49,1814991,1814991,,0,0,,35.0000,105.0000,100
2001:250:7801:8000::/49,2037013,1814991,,0,0,,45.7500,126.6500,100
2001:250:7802::/48,2037013,1814991,,0,0,,45.7500,126.6500,100
2001:250:7803::/48,1814991,1814991,,0,0,,35.0000,105.0000,100
2001:250:7804::/46,1814991,1814991,,0,0,,35.0000,105.0000,100
2001:250:7808::/45,1814991,1814991,,0,0,,35.0000,105.0000,100
2001:250:7810::/44,1814991,1814991,,0,0,,35.0000,105.0000,100
2001:250:7820::/43,1814991,1814991,,0,0,,35.0000,105.0000,100
2001:250:7840::/42,1814991,1814991,,0,0,,35.0000,105.0000,100
2001:250:7880::/41,1814991,1814991,,0,0,,35.0000,105.0000,100
2001:250:7900::/40,1814991,1814991,,0,0,,35.0000,105.0000,100
2001:250:7a00::/39,1814991,1814991,,0,0,,35.0000,105.0000,100
2001:250:7c00::/38,1814991,1814991,,0,0,,35.0000,105.0000,100
2001:250:8000::/34,1814991,1814991,,0,0,,35.0000,105.0000,100
2001:250:c000::/35,1814991,1814991,,0,0,,35.0000,105.0000,100
2001:250:e000::/36,1814991,1814991,,0,0,,35.0000,105.0000,100
2001:250:f000::/37,1814991,1814991,,0,0,,35.0000,105.0000,100
2001:250:f800::/38,1814991,1814991,,0,0,,35.0000,105.0000,100
2001:250:fc00::/39,1814991,1814991,,0,0,,35.0000,105.0000,100
2001:250:fe00::/48,1814991,1814991,,0,0,,35.0000,105.0000,100
2001:250:fe01::/49,2037013,1814991,,0,0,,45.7500,126.6500,100
2001:250:fe01:8000::/49,1814991,1814991,,0,0,,35.0000,105.0000,100
2001:250:fe02::/47,1814991,1814991,,0,0,,35.0000,105.0000,100
2001:250:fe04::/46,1814991,1814991,,0,0,,35.0000,105.0000,100
2001:250:fe08::/45,1814991,1814991,,0,0,,35.0000,105.0000,100
2001:250:fe10::/44,1814991,1814991,,0,0,,35.0000,105.0000,100
2001:250:fe20::/43,1814991,1814991,,0,0,,35.0000,105.0000,100
2001:250:fe40::/42,1814991,1814991,,0,0,,35.0000,105.0000,100
2001:250:fe80::/41,1814991,1814991,,0,0,,35.0000,105.0000,100
2001:250:ff00::/40,1814991,1814991,,0,0,,35.0000,105.0000,100
2001:251::/32,1814991,1814991,,0,0,,35.0000,105.0000,100
2001:252::/32,1814991,1814991,,0,0,,35.0000,105.0000,100
2001:254::/32,1814991,1814991,,0,0,,35.0000,105.0000,100
2001:256::/40,1814991,1814991,,0,0,,35.0000,105.0000,100
2001:256:100::/49,1808926,1814991,,0,0,,30.2936,120.1614,100
2001:256:100:8000::/49,1814991,1814991,,0,0,,35.0000,105.0000,100
2001:256:101::/48,1814991,1814991,,0,0,,35.0000,105.0000,100
2001:256:102::/47,1814991,1814991,,0,0,,35.0000,105.0000,100
2001:256:104::/46,1814991,1814991,,0,0,,35.0000,105.0000,100
2001:256:108::/45,1814991,1814991,,0,0,,35.0000,105.0000,100
2001:256:110::/44,1814991,1814991,,0,0,,35.0000,105.0000,100
2001:256:120::/43,1814991,1814991,,0,0,,35.0000,105.0000,100
2001:256:140::/42,1814991,1814991,,0,0,,35.0000,105.0000,100
2001:256:180::/41,1814991,1814991,,0,0,,35.0000,105.0000,100
2001:256:200::/39,1814991,1814991,,0,0,,35.0000,105.0000,100
2001:256:400::/38,1814991,1814991,,0,0,,35.0000,105.0000,100
2001:256:800::/37,1814991,1814991,,0,0,,35.0000,105.0000,100
2001:256:1000::/36,1814991,1814991,,0,0,,35.0000,105.0000,100
2001:256:2000::/35,1814991,1814991,,0,0,,35.0000,105.0000,100
2001:256:4000::/34,1814991,1814991,,0,0,,35.0000,105.0000,100
2001:256:8000::/33,1814991,1814991,,0,0,,35.0000,105.0000,100
2001:258::/32,1861060,1861060,,0,0,,36.0000,138.0000,100
2001:260::/32,1861060,1861060,,0,0,,36.0000,138.0000,100
2001:268::/39,1861060,1861060,,0,0,,36.0000,138.0000,100
2001:268:200::/40,1861060,1861060,,0,0,,36.0000,138.0000,100
2001:268:300::/46,1861060,1861060,,0,0,,36.0000,138.0000,100
2001:268:304::/47,1861060,1861060,,0,0,,36.0000,138.0000,100
2001:268:306::/49,1857550,1861060,,0,0,690-0887,35.4722,133.0506,100
2001:268:306:8000::/49,1861060,1861060,,0,0,,36.0000,138.0000,100
2001:268:307::/48,1861060,1861060,,0,0,,36.0000,138.0000,100
2001:268:308::/45,1861060,1861060,,0,0,,36.0000,138.0000,100
2001:268:310::/44,1861060,1861060,,0,0,,36.0000,138.0000,100
2001:268:320::/43,1861060,1861060,,0,0,,36.0000,138.0000,100
2001:268:340::/42,1861060,1861060,,0,0,,36.0000,138.0000,100
2001:268:380::/41,1861060,1861060,,0,0,,36.0000,138.0000,100
2001:268:400::/38,1861060,1861060,,0,0,,36.0000,138.0000,100
2001:268:800::/37,1861060,1861060,,0,0,,36.0000,138.0000,100
2001:268:1000::/36,1861060,1861060,,0,0,,36.0000,138.0000,100
2001:268:2000::/35,1861060,1861060,,0,0,,36.0000,138.0000,100
2001:268:4000::/34,1861060,1861060,,0,0,,36.0000,138.0000,100
2001:268:8000::/34,1861060,1861060,,0,0,,36.0000,138.0000,100
2001:268:c000::/45,1850147,1861060,,0,0,100-0001,35.6427,139.7677,100
2001:268:c008::/46,1850147,1861060,,0,0,100-0001,35.6427,139.7677,100
2001:268:c00c::/49,1859642,1861060,,0,0,210-0835,35.5206,139.7172,100
2001:268:c00c:8000::/49,1850147,1861060,,0,0,100-0001,35.6427,139.7677,100
2001:268:c00d::/48,1850147,1861060,,0,0,100-0001,35.6427,139.7677,100
2001:268:c00e::/49,1850147,1861060,,0,0,100-0001,35.6427,139.7677,100
2001:268:c00e:8000::/49,1861060,1861060,,0,0,,36.0000,138.0000,100
2001:268:c00f::/49,1848354,1861060,,0,0,231-0021,35.4478,139.6425,100
2001:268:c00f:8000::/49,1861060,1861060,,0,0,,36.0000,138.0000,100
2001:268:c010::/44,1850147,1861060,,0,0,100-0001,35.6427,139.7677,100
2001:268:c020::/44,1861060,1861060,,0,0,,36.0000,138.0000,100
2001:268:c030::/45,1850147,1861060,,0,0,100-0001,35.6427,139.7677,100
2001:268:c038::/46,1850147,1861060,,0,0,100-0001,35.6427,139.7677,100
2001:268:c03c::/47,1850147,1861060,,0,0,100-0001,35.6427,139.7677,100
2001:268:c03e::/48,1850147,1861060,,0,0,100-0001,35.6427,139.7677,100
2001:268:c03f::/49,1850147,1861060,,0,0,100-0001,35.6427,139.7677,100
2001:268:c03f:8000::/49,1861060,1861060,,0,0,,36.0000,138.0000,100
2001:268:c040::/47,1850147,1861060,,0,0,100-0001,35.6427,139.7677,100
2001:268:c042::/48,1850147,1861060,,0,0,100-0001,35.6427,139.7677,100
2001:268:c043::/49,1848354,1861060,,0,0,231-0021,35.4478,139.6425,100
2001:268:c043:8000::/49,1850147,1861060,,0,0,100-0001,35.6427,139.7677,100
2001:268:c044::/50,2113164,1861060,,0,0,270-1166,35.8667,140.0167,100
2001:268:c044:4000::/50,1861060,1861060,,0,0,,36.0000,138.0000,100
2001:268:c044:8000::/49,1850147,1861060,,0,0,100-0001,35.6427,139.7677,100
2001:268:c045::/48,1861060,1861060,,0,0,,36.0000,138.0000,100
2001:268:c046::/47,1861060,1861060,,0,0,,36.0000,138.0000,100
2001:268:c048::/45,1861060,1861060,,0,0,,36.0000,138.0000,100
2001:268:c050::/46,1850147,1861060,,0,0,100-0001,35.6427,139.7677,100
2001:268:c054::/49,1850147,1861060,,0,0,100-0001,35.6427,139.7677,100
2001:268:c054:8000::/49,1861060,1861060,,0,0,,36.0000,138.0000,100
2001:268:c055::/49,1861060,1861060,,0,0,,36.0000,138.0000,100
2001:268:c055:8000::/49,1850147,1861060,,0,0,100-0001,35.6427,139.7677,100
2001:268:c056::/49,1850147,1861060,,0,0,100-0001,35.6427,139.7677,100
2001:268:c056:8000::/49,1861060,1861060,,0,0,,36.0000,138.0000,100
2001:268:c057::/49,1850147,1861060,,0,0,100-0001,35.6427,139.7677,100
2001:268:c057:8000::/49,1861060,1861060,,0,0,,36.0000,138.0000,100
2001:268:c058::/49,1850147,1861060,,0,0,100-0001,35.6427,139.7677,100
2001:268:c058:8000::/49,1861060,1861060,,0,0,,36.0000,138.0000,100
2001:268:c059::/48,1861060,1861060,,0,0,,36.0000,138.0000,100
2001:268:c05a::/47,1861060,1861060,,0,0,,36.0000,138.0000,100
2001:268:c05c::/46,1861060,1861060,,0,0,,36.0000,138.0000,100
2001:268:c060::/45,1850147,1861060,,0,0,100-0001,35.6427,139.7677,100
2001:268:c068::/46,1850147,1861060,,0,0,100-0001,35.6427,139.7677,100
2001:268:c06c::/47,1850147,1861060,,0,0,100-0001,35.6427,139.7677,100
2001:268:c06e::/49,1850147,1861060,,0,0,100-0001,35.6427,139.7677,100
2001:268:c06e:8000::/49,1861060,1861060,,0,0,,36.0000,138.0000,100
2001:268:c06f::/48,1850147,1861060,,0,0,100-0001,35.6427,139.7677,100
2001:268:c070::/48,1850147,1861060,,0,0,100-0001,35.6427,139.7677,100
2001:268:c071::/49,1850147,1861060,,0,0,100-0001,35.6427,139.7677,100
2001:268:c071:8000::/49,1861060,1861060,,0,0,,36.0000,138.0000,100
2001:268:c072::/48,1850147,1861060,,0,0,100-0001,35.6427,139.7677,100
2001:268:c073::/48,1861060,1861060,,0,0,,36.0000,138.0000,100
2001:268:c074::/48,1850147,1861060,,0,0,100-0001,35.6427,139.7677,100
2001:268:c075::/48,1861060,1861060,,0,0,,36.0000,138.0000,100
2001:268:c076::/49,6419275,1861060,,0,0,140-0003,35.6133,139.7583,100
2001:268:c076:8000::/49,1850147,1861060,,0,0,100-0001,35.6427,139.7677,100
2001:268:c077::/49,1859740,1861060,,0,0,350-0852,35.9086,139.4853,100
2001:268:c077:8000::/49,1861060,1861060,,0,0,,36.0000,138.0000,100
2001:268:c078::/49,1850147,1861060,,0,0,100-0001,35.6427,139.7677,100
2001:268:c078:8000::/49,1850144,1861060,,0,0,201-0003,35.6364,139.5744,100
2001:268:c079::/48,1861060,1861060,,0,0,,36.0000,138.0000,100
2001:268:c07a::/47,1861060,1861060,,0,0,,36.0000,138.0000,100
2001:268:c07c::/46,1861060,1861060,,0,0,,36.0000,138.0000,100
2001:268:c080::/41,1861060,1861060,,0,0,,36.0000,138.0000,100
2001:268:c100::/40,1861060,1861060,,0,0,,36.0000,138.0000,100
2001:268:c200::/39,1861060,1861060,,0,0,,36.0000,138.0000,100
2001:268:c400::/38,1861060,1861060,,0,0,,36.0000,138.0000,100
2001:268:c800::/37,1861060,1861060,,0,0,,36.0000,138.0000,100
2001:268:d000::/48,1861060,1861060,,0,0,,36.0000,138.0000,100
2001:268:d001::/48,1850147,1861060,,0,0,100-0001,35.6427,139.7677,100
2001:268:d002::/48,1861060,1861060,,0,0,,36.0000,138.0000,100
2001:268:d003::/48,6940394,1861060,,0,0,330-0063,35.8569,139.6489,100
2001:268:d004::/47,1850147,1861060,,0,0,100-0001,35.6427,139.7677,100
2001:268:d006::/48,1850147,1861060,,0,0,100-0001,35.6427,139.7677,100
2001:268:d007::/48,1861060,1861060,,0,0,,36.0000,138.0000,100
2001:268:d008::/48,1861060,1861060,,0,0,,36.0000,138.0000,100
2001:268:d009::/49,1861060,1861060,,0,0,,36.0000,138.0000,100
2001:268:d009:8000::/49,1864518,1861060,,0,0,182-0015,35.6556,139.5522,100
2001:268:d00a::/47,1861060,1861060,,0,0,,36.0000,138.0000,100
2001:268:d00c::/46,1861060,1861060,,0,0,,36.0000,138.0000,100
2001:268:d010::/44,1861060,1861060,,0,0,,36.0000,138.0000,100
2001:268:d020::/44,1861060,1861060,,0,0,,36.0000,138.0000,100
2001:268:d030::/47,1861060,1861060,,0,0,,36.0000,138.0000,100
2001:268:d032::/48,1861060,1861060,,0,0,,36.0000,138.0000,100
2001:268:d033::/49,1850144,1861060,,0,0,201-0011,35.6345,139.5588,100
2001:268:d033:8000::/49,1861060,1861060,,0,0,,36.0000,138.0000,100
2001:268:d034::/46,1861060,1861060,,0,0,,36.0000,138.0000,100
2001:268:d038::/45,1861060,1861060,,0,0,,36.0000,138.0000,100
2001:268:d040::/42,1861060,1861060,,0,0,,36.0000,138.0000,100
2001:268:d080::/41,1861060,1861060,,0,0,,36.0000,138.0000,100
2001:268:d100::/40,1861060,1861060,,0,0,,36.0000,138.0000,100
2001:268:d200::/39,1861060,1861060,,0,0,,36.0000,138.0000,100
2001:268:d400::/38,1861060,1861060,,0,0,,36.0000,138.0000,100
2001:268:d800::/37,1861060,1861060,,0,0,,36.0000,138.0000,100
2001:268:e000::/35,1861060,1861060,,0,0,,36.0000,138.0000,100
2001:270::/32,1835841,1835841,,0,0,,37.0000,127.5000,100
2001:278::/32,1861060,1861060,,0,0,,36.0000,138.0000,100
2001:280::/32,1835841,1835841,,0,0,,37.0000,127.5000,100
2001:288::/40,1668284,1668284,,0,0,,23.5000,121.0000,100
2001:288:100::/46,1668284,1668284,,0,0,,23.5000,121.0000,100
2001:288:104::/47,1668284,1668284,,0,0,,23.5000,121.0000,100
2001:288:106::/49,1796236,1668284,,0,0,,31.0456,121.3997,100
2001:288:106:8000::/49,1668284,1668284,,0,0,,23.5000,121.0000,100
2001:288:107::/48,1668284,1668284,,0,0,,23.5000,121.0000,100
2001:288:108::/45,1668284,1668284,,0,0,,23.5000,121.0000,100
2001:288:110::/44,1668284,1668284,,0,0,,23.5000,121.0000,100
2001:288:120::/43,1668284,1668284,,0,0,,23.5000,121.0000,100
2001:288:140::/42,1668284,1668284,,0,0,,23.5000,121.0000,100
2001:288:180::/41,1668284,1668284,,0,0,,23.5000,121.0000,100
2001:288:200::/39,1668284,1668284,,0,0,,23.5000,121.0000,100
2001:288:400::/38,1668284,1668284,,0,0,,23.5000,121.0000,100
2001:288:800::/37,1668284,1668284,,0,0,,23.5000,121.0000,100
2001:288:1000::/48,1668284,1668284,,0,0,,23.5000,121.0000,100
2001:288:1001::/49,1668341,1668284,,0,0,,25.0418,121.4966,100
2001:288:1001:8000::/49,1668284,1668284,,0,0,,23.5000,121.0000,100
2001:288:1002::/47,1668284,1668284,,0,0,,23.5000,121.0000,100
2001:288:1004::/46,1668284,1668284,,0,0,,23.5000,121.0000,100
2001:288:1008::/45,1668284,1668284,,0,0,,23.5000,121.0000,100
2001:288:1010::/44,1668284,1668284,,0,0,,23.5000,121.0000,100
2001:288:1020::/43,1668284,1668284,,0,0,,23.5000,121.0000,100
2001:288:1040::/42,1668284,1668284,,0,0,,23.5000,121.0000,100
2001:288:1080::/41,1668284,1668284,,0,0,,23.5000,121.0000,100
2001:288:1100::/40,1668284,1668284,,0,0,,23.5000,121.0000,100
2001:288:1200::/39,1668284,1668284,,0,0,,23.5000,121.0000,100
2001:288:1400::/38,1668284,1668284,,0,0,,23.5000,121.0000,100
2001:288:1800::/37,1668284,1668284,,0,0,,23.5000,121.0000,100
2001:288:2000::/39,1668284,1668284,,0,0,,23.5000,121.0000,100
2001:288:2200::/41,1668284,1668284,,0,0,,23.5000,121.0000,100
2001:288:2280::/43,1668284,1668284,,0,0,,23.5000,121.0000,100
2001:288:22a0::/44,1668284,1668284,,0,0,,23.5000,121.0000,100
2001:288:22b0::/45,1668284,1668284,,0,0,,23.5000,121.0000,100
2001:288:22b8::/47,1668284,1668284,,0,0,,23.5000,121.0000,100
2001:288:22ba::/48,1668284,1668284,,0,0,,23.5000,121.0000,100
2001:288:22bb::/49,1668341,1668284,,0,0,,25.0418,121.4966,100
2001:288:22bb:8000::/49,1668284,1668284,,0,0,,23.5000,121.0000,100
2001:288:22bc::/46,1668284,1668284,,0,0,,23.5000,121.0000,100
2001:288:22c0::/42,1668284,1668284,,0,0,,23.5000,121.0000,100
2001:288:2300::/40,1668284,1668284,,0,0,,23.5000,121.0000,100
2001:288:2400::/38,1668284,1668284,,0,0,,23.5000,121.0000,100
2001:288:2800::/37,1668284,1668284,,0,0,,23.5000,121.0000,100
2001:288:3000::/46,1668284,1668284,,0,0,,23.5000,121.0000,100
2001:288:3004::/48,1668284,1668284,,0,0,,23.5000,121.0000,100
2001:288:3005::/49,1668341,1668284,,0,0,,25.0418,121.4966,100
2001:288:3005:8000::/49,1668284,1668284,,0,0,,23.5000,121.0000,100
2001:288:3006::/47,1668284,1668284,,0,0,,23.5000,121.0000,100
2001:288:3008::/45,1668284,1668284,,0,0,,23.5000,121.0000,100
2001:288:3010::/44,1668284,1668284,,0,0,,23.5000,121.0000,100
2001:288:3020::/43,1668284,1668284,,0,0,,23.5000,121.0000,100
2001:288:3040::/42,1668284,1668284,,0,0,,23.5000,121.0000,100
2001:288:3080::/41,1668284,1668284,,0,0,,23.5000,121.0000,100
2001:288:3100::/40,1668284,1668284,,0,0,,23.5000,121.0000,100
2001:288:3200::/39,1668284,1668284,,0,0,,23.5000,121.0000,100
2001:288:3400::/38,1668284,1668284,,0,0,,23.5000,121.0000,100
2001:288:3800::/37,1668284,1668284,,0,0,,23.5000,121.0000,100
2001:288:4000::/38,1668284,1668284,,0,0,,23.5000,121.0000,100
2001:288:4400::/39,1668284,1668284,,0,0,,23.5000,121.0000,100
2001:288:4600::/41,1668284,1668284,,0,0,,23.5000,121.0000,100
2001:288:4680::/44,1668284,1668284,,0,0,,23.5000,121.0000,100
2001:288:4690::/46,1668284,1668284,,0,0,,23.5000,121.0000,100
2001:288:4694::/47,1668284,1668284,,0,0,,23.5000,121.0000,100
2001:288:4696::/48,1668284,1668284,,0,0,,23.5000,121.0000,100
2001:288:4697::/49,1675151,1668284,,0,0,,24.8047,120.9714,100
2001:288:4697:8000::/49,1668284,1668284,,0,0,,23.5000,121.0000,100
2001:288:4698::/45,1668284,1668284,,0,0,,23.5000,121.0000,100
2001:288:46a0::/43,1668284,1668284,,0,0,,23.5000,121.0000,100
2001:288:46c0::/42,1668284,1668284,,0,0,,23.5000,121.0000,100
2001:288:4700::/40,1668284,1668284,,0,0,,23.5000,121.0000,100
2001:288:4800::/37,1668284,1668284,,0,0,,23.5000,121.0000,100
2001:288:5000::/45,1668284,1668284,,0,0,,23.5000,121.0000,100
2001:288:5008::/48,1668284,1668284,,0,0,,23.5000,121.0000,100
2001:288:5009::/49,1668399,1668284,,0,0,,24.1433,120.6814,100
2001:288:5009:8000::/49,1668284,1668284,,0,0,,23.5000,121.0000,100
2001:288:500a::/47,1668284,1668284,,0,0,,23.5000,121.0000,100
2001:288:500c::/48,1668284,1668284,,0,0,,23.5000,121.0000,100
2001:288:500d::/49,1668399,1668284,,0,0,,24.1433,120.6814,100
2001:288:500d:8000::/49,1668284,1668284,,0,0,,23.5000,121.0000,100
2001:288:500e::/47,1668284,1668284,,0,0,,23.5000,121.0000,100
2001:288:5010::/46,1668284,1668284,,0,0,,23.5000,121.0000,100
2001:288:5014::/48,1668284,1668284,,0,0,,23.5000,121.0000,100
2001:288:5015::/49,1668341,1668284,,0,0,,25.0418,121.4966,100
2001:288:5015:8000::/49,1668284,1668284,,0,0,,23.5000,121.0000,100
2001:288:5016::/49,1668399,1668284,,0,0,,24.1433,120.6814,100
2001:288:5016:8000::/49,1668284,1668284,,0,0,,23.5000,121.0000,100
2001:288:5017::/48,1668284,1668284,,0,0,,23.5000,121.0000,100
2001:288:5018::/49,1668399,1668284,,0,0,,24.1433,120.6814,100
2001:288:5018:8000::/49,1668284,1668284,,0,0,,23.5000,121.0000,100
2001:288:5019::/48,1668284,1668284,,0,0,,23.5000,121.0000,100
2001:288:501a::/47,1668284,1668284,,0,0,,23.5000,121.0000,100
2001:288:501c::/46,1668284,1668284,,0,0,,23.5000,121.0000,100
2001:288:5020::/43,1668284,1668284,,0,0,,23.5000,121.0000,100
2001:288:5040::/42,1668284,1668284,,0,0,,23.5000,121.0000,100
2001:288:5080::/41,1668284,1668284,,0,0,,23.5000,121.0000,100
2001:288:5100::/40,1668284,1668284,,0,0,,23.5000,121.0000,100
2001:288:5200::/39,1668284,1668284,,0,0,,23.5000,121.0000,100
2001:288:5400::/38,1668284,1668284,,0,0,,23.5000,121.0000,100
2001:288:5800::/37,1668284,1668284,,0,0,,23.5000,121.0000,100
2001:288:6000::/36,1668284,1668284,,0,0,,23.5000,121.0000,100
2001:288:7000::/48,1668284,1668284,,0,0,,23.5000,121.0000,100
2001:288:7001::/48,1668355,1668284,,0,0,,22.9933,120.2036,100
2001:288:7002::/47,1668284,1668284,,0,0,,23.5000,121.0000,100
2001:288:7004::/46,1668284,1668284,,0,0,,23.5000,121.0000,100
2001:288:7008::/45,1668284,1668284,,0,0,,23.5000,121.0000,100
2001:288:7010::/44,1668284,1668284,,0,0,,23.5000,121.0000,100
2001:288:7020::/43,1668284,1668284,,0,0,,23.5000,121.0000,100
2001:288:7040::/42,1668284,1668284,,0,0,,23.5000,121.0000,100
2001:288:7080::/41,1668284,1668284,,0,0,,23.5000,121.0000,100
2001:288:7100::/40,1668284,1668284,,0,0,,23.5000,121.0000,100
2001:288:7200::/39,1668284,1668284,,0,0,,23.5000,121.0000,100
2001:288:7400::/38,1668284,1668284,,0,0,,23.5000,121.0000,100
2001:288:7800::/37,1668284,1668284,,0,0,,23.5000,121.0000,100
2001:288:8000::/48,1668284,1668284,,0,0,,23.5000,121.0000,100
2001:288:8001::/49,1668284,1668284,,0,0,,23.5000,121.0000,100
2001:288:8001:8000::/49,1673820,1668284,,0,0,,22.6333,120.3500,100
2001:288:8002::/47,1668284,1668284,,0,0,,23.5000,121.0000,100
2001:288:8004::/46,1668284,1668284,,0,0,,23.5000,121.0000,100
2001:288:8008::/45,1668284,1668284,,0,0,,23.5000,121.0000,100
2001:288:8010::/44,1668284,1668284,,0,0,,23.5000,121.0000,100
2001:288:8020::/43,1668284,1668284,,0,0,,23.5000,121.0000,100
2001:288:8040::/42,1668284,1668284,,0,0,,23.5000,121.0000,100
2001:288:8080::/41,1668284,1668284,,0,0,,23.5000,121.0000,100
2001:288:8100::/40,1668284,1668284,,0,0,,23.5000,121.0000,100
2001:288:8200::/39,1668284,1668284,,0,0,,23.5000,121.0000,100
